code,d,rounds,p,decoder,device,shots,errors,ler,ler_lo,ler_hi,throughput_sps,throughput_reps,throughput_min_sps,throughput_max_sps,throughput_q25_sps,throughput_q75_sps,throughput_times_s,paired_baseline_times_s,paired_ratio_median,paired_ratio_min,paired_ratio_max,paired_ratio_q25,paired_ratio_q75,lat_p50_us,lat_p95_us,lat_p99_us,lat_b256_ms,accept_rate,extra
"BB[[72,12,6]]",0,0,0.02,ldpc BP+OSD (CPU),cpu,20000,227,0.01135,0.00997287070894281,0.012914813024765623,92736.37689915526,5,86703.2352104592,104153.10506626325,92187.05489558983,97958.92777136415,"[0.19202499999664724, 0.2169502000324428, 0.23067189997527748, 0.2156651000259444, 0.2041672000195831]","[0.19202499999664724, 0.2169502000324428, 0.23067189997527748, 0.2156651000259444, 0.2041672000195831]",1.0,1.0,1.0,1.0,1.0,8.899951353669167,13.199984095990658,43.075091671198265,2.58014997234568,,code-capacity noise; accept_rate = BP converged fraction
"BB[[72,12,6]]",0,0,0.02,GPU min-sum BP + OSD fallback,cuda,20000,227,0.01135,0.00997287070894281,0.012914813024765623,72569.8094282905,5,64770.59389569633,74190.25052664305,68337.33221479517,73325.79787365321,"[0.26957719994243234, 0.2755967000266537, 0.3087820999789983, 0.292665799963288, 0.2727553000440821]","[0.19202499999664724, 0.2169502000324428, 0.23067189997527748, 0.2156651000259444, 0.2041672000195831]",0.747037797822369,0.7123191428564944,0.7872017335891938,0.7368988793804997,0.7485361420532839,1992.4499792978168,5425.92997662723,21783.691965974656,68.31474998034537,0.9919,code-capacity noise; accept_rate = BP converged fraction
"BB[[72,12,6]]",0,0,0.04,ldpc BP+OSD (CPU),cpu,20000,1771,0.08855,0.08469127167999499,0.09256676059716523,49545.88717114999,5,46864.77030568629,50324.4290048897,48698.36573840381,49945.42214300817,"[0.4036661999998614, 0.42675979994237423, 0.4004370999755338, 0.4106913999421522, 0.3974213000619784]","[0.4036661999998614, 0.42675979994237423, 0.4004370999755338, 0.4106913999421522, 0.3974213000619784]",1.0,1.0,1.0,1.0,1.0,9.399955160915852,40.135066956281634,198.25999625027174,4.9634999595582485,,code-capacity noise; accept_rate = BP converged fraction
"BB[[72,12,6]]",0,0,0.04,GPU min-sum BP + OSD fallback,cuda,20000,1771,0.08855,0.08469127167999499,0.09256676059716523,34774.643788775196,5,25270.59436528821,35299.41671266096,31503.082971469474,34908.138358674776,"[0.7914337000111118, 0.6348584999796003, 0.5665815999964252, 0.5729323000414297, 0.5751317000249401]","[0.4036661999998614, 0.42675979994237423, 0.4004370999755338, 0.4106913999421522, 0.3974213000619784]",0.6910092071863619,0.5100442399586901,0.7168236105949244,0.6722124693236164,0.7067598029622922,2386.9999567978084,23503.324994817372,59271.781981224194,83.4931000135839,0.95335,code-capacity noise; accept_rate = BP converged fraction
"BB[[72,12,6]]",0,0,0.06,ldpc BP+OSD (CPU),cpu,20000,4989,0.24945,0.2435016567124106,0.25549457609119247,24610.90467462534,5,23978.612994552415,25613.668270234804,24458.30360521701,25368.441732973013,"[0.8177182000363246, 0.8340766000328586, 0.7883811000501737, 0.8126478999620304, 0.7808331000851467]","[0.8177182000363246, 0.8340766000328586, 0.7883811000501737, 0.8126478999620304, 0.7808331000851467]",1.0,1.0,1.0,1.0,1.0,14.25005029886961,199.99989890493453,214.60200427100062,10.422950028441846,,code-capacity noise; accept_rate = BP converged fraction
"BB[[72,12,6]]",0,0,0.06,GPU min-sum BP + OSD fallback,cuda,20000,4989,0.24945,0.2435016567124106,0.25549457609119247,14447.856385345014,5,13871.934302924528,17311.113250620674,14258.026217201605,16357.64886874535,"[1.3842884000623599, 1.1553271999582648, 1.402718700002879, 1.2226696000434458, 1.441759999957867]","[0.8177182000363246, 0.8340766000328586, 0.7883811000501737, 0.8126478999620304, 0.7808331000851467]",0.5907137558903822,0.5415832732965024,0.721939724143073,0.5620379196830809,0.6646504500751095,5377.200024668127,58139.38996871002,60151.94102656096,84.97375005390495,0.87135,code-capacity noise; accept_rate = BP converged fraction
"BB[[144,12,12]]",0,0,0.02,ldpc BP+OSD (CPU),cpu,20000,13,0.00065,0.0003799143962202306,0.001111879060092681,60456.98833200624,5,51736.162140940556,61219.55474285396,58168.58535519161,60619.892948165914,"[0.3308136999839917, 0.3865767999086529, 0.3438282000133768, 0.32669300003908575, 0.32992470008321106]","[0.3308136999839917, 0.3865767999086529, 0.3438282000133768, 0.32669300003908575, 0.32992470008321106]",1.0,1.0,1.0,1.0,1.0,12.699980288743973,21.305039990693327,28.306982712820165,3.896150039508939,,code-capacity noise; accept_rate = BP converged fraction
"BB[[144,12,12]]",0,0,0.02,GPU min-sum BP + OSD fallback,cuda,20000,13,0.00065,0.0003799143962202306,0.001111879060092681,52296.85157064945,5,45377.8877620425,53864.146554876505,50608.55523048689,53574.389519197925,"[0.4407433000160381, 0.39519009995274246, 0.3713044999167323, 0.37331269995775074, 0.3824322000145912]","[0.3308136999839917, 0.3865767999086529, 0.3438282000133768, 0.32669300003908575, 0.32992470008321106]",0.8751189018644661,0.7505813474009787,0.978204666450097,0.8627011534871363,0.9260006277609959,1829.249958973378,4640.960058895871,7204.697026172653,67.45470000896603,0.9961,code-capacity noise; accept_rate = BP converged fraction
"BB[[144,12,12]]",0,0,0.04,ldpc BP+OSD (CPU),cpu,20000,233,0.01165,0.010253806678938798,0.013233761828902218,25647.61510470789,5,25376.566035763448,28137.337783153434,25625.111789842063,27033.558918413994,"[0.7797996000153944, 0.7398212000261992, 0.7107992999954149, 0.78048439999111, 0.7881286999909207]","[0.7797996000153944, 0.7398212000261992, 0.7107992999954149, 0.78048439999111, 0.7881286999909207]",1.0,1.0,1.0,1.0,1.0,19.300030544400215,59.40498667769125,420.6129431258887,9.655850008130074,,code-capacity noise; accept_rate = BP converged fraction
"BB[[144,12,12]]",0,0,0.04,GPU min-sum BP + OSD fallback,cuda,20000,233,0.01165,0.010253806678938798,0.013233761828902218,19627.616999362985,5,16550.15358515936,19986.986474067355,16714.30382559349,19748.2902678025,"[1.1965798999881372, 1.0127458999631926, 1.0006510999519378, 1.0189723999937996, 1.2084480000194162]","[0.7797996000153944, 0.7398212000261992, 0.7107992999954149, 0.78048439999111, 0.7881286999909207]",0.710336799739245,0.6516903718866791,0.7659524438501565,0.6521825514860862,0.7305101902195678,4281.249945051968,18492.009997134992,59002.85999872721,85.39369999198243,0.96475,code-capacity noise; accept_rate = BP converged fraction
"BB[[144,12,12]]",0,0,0.06,ldpc BP+OSD (CPU),cpu,20000,1773,0.08865,0.08478924698105225,0.09266874688748553,9970.48735787606,5,9590.239744833802,10167.364478523219,9756.977117147335,9985.22585949551,"[1.9670780999585986, 2.005919999908656, 2.0029592000646517, 2.0854535999242216, 2.0498151999199763]","[1.9670780999585986, 2.005919999908656, 2.0029592000646517, 2.0854535999242216, 2.0498151999199763]",1.0,1.0,1.0,1.0,1.0,29.29999027401209,407.71496715024114,439.09996864385903,23.353800061158836,,code-capacity noise; accept_rate = BP converged fraction
"BB[[144,12,12]]",0,0,0.06,GPU min-sum BP + OSD fallback,cuda,20000,1773,0.08865,0.08478924698105225,0.09266874688748553,6386.880631884671,5,6333.647893881135,6903.904143931811,6334.302840619984,6521.263574337161,"[3.1314190999837592, 2.8969116000225767, 3.157411399995908, 3.066890300018713, 3.1577379000373185]","[1.9670780999585986, 2.005919999908656, 2.0029592000646517, 2.0854535999242216, 2.0498151999199763]",0.6491403861909347,0.6281746509015036,0.6924339699882534,0.6343675075307726,0.6799896298578065,6935.649958904833,51349.27495964803,52835.27198131196,95.42654996039346,0.8319,code-capacity noise; accept_rate = BP converged fraction
