code,d,rounds,p,decoder,device,shots,errors,ler,ler_lo,ler_hi,throughput_sps,throughput_reps,throughput_min_sps,throughput_max_sps,throughput_q25_sps,throughput_q75_sps,throughput_times_s,paired_baseline_times_s,paired_ratio_median,paired_ratio_min,paired_ratio_max,paired_ratio_q25,paired_ratio_q75,lat_p50_us,lat_p95_us,lat_p99_us,lat_b256_ms,accept_rate,syndrome_weight_kept,t_stage1_s,t_global_s,extra
surface,5,5,0.002,pymatching (CPU),cpu,20000,23,0.00115,0.000766453882701502,0.0017251475304990503,1013510.0911537741,5,1001356.8420914216,1097604.472392782,1008903.576319098,1020298.8447189366,"[0.018221500096842647, 0.019602100015617907, 0.01973339996766299, 0.019972899928689003, 0.019823499955236912]","[0.018221500096842647, 0.019602100015617907, 0.01973339996766299, 0.019972899928689003, 0.019823499955236912]",1.0,1.0,1.0,1.0,1.0,7.300055585801601,11.005083797499532,21.834048675373165,0.3132999991066754,0.0,1.0,7.0999376475811005e-06,0.019639199948869646,
surface,5,5,0.002,zero-syndrome shortcut + pymatching,cpu,20000,23,0.00115,0.000766453882701502,0.0017251475304990503,997804.8291554332,5,942369.3985510801,1042046.5834277399,983917.8651183919,1019841.0024902059,"[0.019192999927327037, 0.020044000004418194, 0.01961090008262545, 0.020326899946667254, 0.021223100018687546]","[0.018221500096842647, 0.019602100015617907, 0.01973339996766299, 0.019972899928689003, 0.019823499955236912]",0.9779535028585671,0.9340529864996986,1.006246520278081,0.9493825960421556,0.9825846529029484,10.299962013959885,13.699987903237343,19.607032882049673,0.3307999577373266,0.182,1.0,0.0014612000668421388,0.01853350002784282,
surface,5,5,0.002,"GPU local pre-decoder (conservative, r=2) + pymatching",cpu,20000,23,0.00115,0.000766453882701502,0.0017251475304990503,183455.26980375047,5,149642.57871420716,190028.80836548668,161089.09116902784,184656.00907474037,"[0.10524720000103116, 0.10830949991941452, 0.10901840007863939, 0.13365179998800159, 0.12415489996783435]","[0.018221500096842647, 0.019602100015617907, 0.01973339996766299, 0.019972899928689003, 0.019823499955236912]",0.1731304975017304,0.14943981248649135,0.18100981076064673,0.1596674795789189,0.18098227791839544,188.44992155209184,332.839973270893,375.0189463607967,1.1583500308915973,0.45415,0.5453624363131079,0.0970473000779748,0.011934499954804778,
surface,5,5,0.002,"GPU local pre-decoder (fast, r=1) + pymatching",cpu,20000,24,0.0012,0.0008065558558783837,0.0017850263530109324,234583.74303247695,5,186743.97885679442,262667.12223909545,205315.83210085134,258486.4327533006,"[0.07614199991803616, 0.077373499982059, 0.08525739994365722, 0.09741090005263686, 0.10709849989507347]","[0.018221500096842647, 0.019602100015617907, 0.01973339996766299, 0.019972899928689003, 0.019823499955236912]",0.2314567413585672,0.18509596282542135,0.25334384537552457,0.20503762841629083,0.23930944966585285,152.54999743774533,226.74498031847176,327.02404423616827,0.8004999835975468,0.49185,0.37045507179249654,0.07483030005823821,0.009720899979583919,
surface,5,5,0.004,pymatching (CPU),cpu,20000,148,0.0074,0.006303150902617821,0.008686049971678246,501410.21628935076,5,478692.2118354664,512432.9020304676,498386.4740942366,509795.7247813292,"[0.039029500097967684, 0.0401294999755919, 0.041780500090681016, 0.03923140000551939, 0.03988749999552965]","[0.039029500097967684, 0.0401294999755919, 0.041780500090681016, 0.03923140000551939, 0.03988749999552965]",1.0,1.0,1.0,1.0,1.0,7.700058631598949,11.79997343569994,15.601002378389238,0.5493999924510717,0.0,1.0,6.00004568696022e-06,0.03980619995854795,
surface,5,5,0.004,zero-syndrome shortcut + pymatching,cpu,20000,148,0.0074,0.006303150902617821,0.008686049971678246,486341.1102039343,5,462162.73734197713,500635.80747947143,464551.2551455223,493287.5878255995,"[0.04054430010728538, 0.0432747999439016, 0.04305229999590665, 0.04112339997664094, 0.039949199999682605]","[0.039029500097967684, 0.0401294999755919, 0.041780500090681016, 0.03923140000551939, 0.03988749999552965]",0.9626383978682739,0.9273179778442178,0.9984555384299699,0.9539921316769467,0.9704591878866737,10.199961252510548,14.199991710484028,18.604025244712826,0.5711499834433198,0.03085,1.0,0.0013401000760495663,0.0394598999992013,
surface,5,5,0.004,"GPU local pre-decoder (conservative, r=2) + pymatching",cpu,20000,148,0.0074,0.006303150902617821,0.008686049971678246,141899.52379487004,5,129143.23787969475,145492.0029969921,141589.91324238648,144668.1817655595,"[0.14094479999039322, 0.14125299989245832, 0.13746460003312677, 0.15486680006142706, 0.13824740005657077]","[0.039029500097967684, 0.0401294999755919, 0.041780500090681016, 0.03923140000551939, 0.03988749999552965]",0.2840966210002204,0.2533235011633124,0.3039364322204596,0.2769133738926724,0.28852260497635185,165.69998115301132,210.92497627250847,309.85802994109685,1.3446500524878502,0.1672,0.7333036244800951,0.10834000003524125,0.031589900027029216,
surface,5,5,0.004,"GPU local pre-decoder (fast, r=1) + pymatching",cpu,20000,154,0.0077,0.006579518513904944,0.009009567134523708,177335.62100916592,5,162148.00697364815,201552.96574108233,177101.95662339873,194633.18453429994,"[0.11292930005583912, 0.10275740001816303, 0.12334410008043051, 0.1127804999705404, 0.09922949993051589]","[0.039029500097967684, 0.0401294999755919, 0.041780500090681016, 0.03923140000551939, 0.03988749999552965]",0.3478562341518888,0.3387312410033126,0.4019721960048205,0.3456100416691605,0.39052661870092814,142.30003580451012,153.90500775538385,176.55906267464155,1.0212999768555164,0.20935,0.5039809863339275,0.08532569999806583,0.026658799964934587,
surface,7,7,0.002,pymatching (CPU),cpu,20000,2,0.0001,2.742346122944835e-05,0.00036458124250705794,344827.58643945033,5,341200.85642225965,352973.35925202066,341911.3184468112,347063.1521526384,"[0.05861649999860674, 0.058494700002484024, 0.05762639991007745, 0.0566615000134334, 0.05799999996088445]","[0.05861649999860674, 0.058494700002484024, 0.05762639991007745, 0.0566615000134334, 0.05799999996088445]",1.0,1.0,1.0,1.0,1.0,8.999952115118504,13.299984857439995,18.511024536564936,0.8219000301323831,0.0,1.0,6.400048732757568e-06,0.05789540009573102,
surface,7,7,0.002,zero-syndrome shortcut + pymatching,cpu,20000,2,0.0001,2.742346122944835e-05,0.00036458124250705794,333188.95198385406,5,324301.009843847,335682.5517145281,328960.89436868636,333751.07806498714,"[0.06079750007484108, 0.061671099974773824, 0.06002599990461022, 0.05958010000176728, 0.05992490006610751]","[0.05861649999860674, 0.058494700002484024, 0.05762639991007745, 0.0566615000134334, 0.05799999996088445]",0.9600239896320584,0.9484945140659224,0.9678781257357199,0.9510138454241045,0.9641268132151889,11.299969628453255,15.50500164739787,20.80392674542963,0.8515999652445316,0.0071,1.0,0.00297949998639524,0.056921200011856854,
surface,7,7,0.002,"GPU local pre-decoder (conservative, r=2) + pymatching",cpu,20000,2,0.0001,2.742346122944835e-05,0.00036458124250705794,51918.370830507774,5,42290.665439385164,58293.91206015454,43079.2069334346,54556.38565905446,"[0.46426110004540533, 0.4729175999527797, 0.36659320001490414, 0.34308900008909404, 0.3852200999390334]","[0.05861649999860674, 0.058494700002484024, 0.05762639991007745, 0.0566615000134334, 0.05799999996088445]",0.15056327530693175,0.12368898938911271,0.16515102494897657,0.12625761665768245,0.15719440488185435,180.55003602057695,201.82502339594063,290.53299920633424,2.4423999711871147,0.1174,0.6317422899428251,0.339549999916926,0.04386860004160553,
surface,7,7,0.002,"GPU local pre-decoder (fast, r=1) + pymatching",cpu,20000,5,0.00025,0.00010678805919427898,0.0005851590316085196,79069.8226299643,5,74473.3061447371,83337.08349345627,74610.6907697745,80744.95293060737,"[0.2529409999260679, 0.2680580999003723, 0.24769350001588464, 0.23998920002486557, 0.2685526000568643]","[0.05861649999860674, 0.058494700002484024, 0.05762639991007745, 0.0566615000134334, 0.05799999996088445]",0.23173981290395687,0.2159725876740844,0.23610020787419864,0.21821649867780316,0.23265204741497802,148.90002785250545,161.5199551451951,195.01108676195145,1.6291000065393746,0.17715,0.37004947554026246,0.22216249990742654,0.030962900025770068,
surface,7,7,0.004,pymatching (CPU),cpu,20000,85,0.00425,0.0034386853721535284,0.005251725373750399,160110.66844202357,5,159244.41712027555,161307.2338620226,159736.37101982746,161135.16510088663,"[0.12559309997595847, 0.1249136000405997, 0.12411939993035048, 0.1252063000574708, 0.12398699996992946]","[0.12559309997595847, 0.1249136000405997, 0.12411939993035048, 0.1252063000574708, 0.12398699996992946]",1.0,1.0,1.0,1.0,1.0,12.950040400028229,23.20006024092436,31.008003279566758,1.8519500154070556,0.0,1.0,7.1999384090304375e-06,0.12480860005598515,
surface,7,7,0.004,zero-syndrome shortcut + pymatching,cpu,20000,85,0.00425,0.0034386853721535284,0.005251725373750399,156117.17852443628,5,153895.51875025727,156396.98868177598,154503.74557792838,156324.0096112955,"[0.12810889992397279, 0.12944669998250902, 0.12787970004137605, 0.1299583000363782, 0.12793940003030002]","[0.12559309997595847, 0.1249136000405997, 0.12411939993035048, 0.1252063000574708, 0.12398699996992946]",0.9691072487487473,0.9634344249072416,0.9803620205192041,0.9649809539947961,0.9705950193047926,15.600002370774746,24.50506435707211,31.305005541071292,1.8217499600723386,0.0001,1.0,0.0029332999838516116,0.12510269996710122,
surface,7,7,0.004,"GPU local pre-decoder (conservative, r=2) + pymatching",cpu,20000,85,0.00425,0.0034386853721535284,0.005251725373750399,44014.23948348246,5,40675.62208485076,47568.27415346603,43463.23770608826,44990.27648232831,"[0.4445404999423772, 0.4601590000092983, 0.42044829996302724, 0.4916949999751523, 0.45439840003382415]","[0.12559309997595847, 0.1249136000405997, 0.12411939993035048, 0.1252063000574708, 0.12398699996992946]",0.2728596754757504,0.25464220718900554,0.2952072821825302,0.271457474564391,0.2825234146095536,199.10000264644623,306.5450058784335,436.6120637860149,3.62035003490746,0.0067,0.8278740250648313,0.3379579000174999,0.1163666999200359,
surface,7,7,0.004,"GPU local pre-decoder (fast, r=1) + pymatching",cpu,20000,98,0.0049,0.004022742843584775,0.0059674182462730865,58182.78294578824,5,43415.610255256746,64181.865732798615,56240.04376773642,60955.148896116305,"[0.3556184999179095, 0.46066380001138896, 0.3116145000094548, 0.32811010000295937, 0.3437443000730127]","[0.12559309997595847, 0.1249136000405997, 0.12411939993035048, 0.1252063000574708, 0.12398699996992946]",0.36069543536749293,0.271160008747185,0.3983107330582644,0.35316807197868,0.3815984331367474,162.35001385211945,195.8699780516326,251.39093515463156,2.5515499874018133,0.0173,0.5357780253803603,0.24606260005384684,0.1006739999866113,
