code,d,rounds,p,decoder,device,shots,errors,ler,ler_lo,ler_hi,throughput_sps,lat_p50_us,lat_p95_us,lat_p99_us,lat_b256_ms,accept_rate,syndrome_weight_kept,t_stage1_s,t_global_s,extra
surface,5,5,0.002,pymatching (CPU),cpu,20000,27,0.00135,0.0009279992046365197,0.0019635253913190894,887496.820540938,17.706499988889846,22.531850021323397,27.53682995148664,0.5555705000119815,0.0,1.0,1.8616000033944147e-05,0.022451746999990974,gate_train_s=5.2;thr_logit=inf
surface,5,5,0.002,zero-syndrome shortcut + pymatching,cpu,20000,27,0.00135,0.0009279992046365197,0.0019635253913190894,836963.3479948672,26.322999985950446,34.58230003161587,39.194279970615746,0.49676399999043497,0.1816,1.0,0.0013634440000487302,0.02245531400001255,gate_train_s=5.2;thr_logit=inf
surface,5,5,0.002,"GPU local pre-decoder (safe, r=2) + pymatching",cuda,20000,27,0.00135,0.0009279992046365197,0.0019635253913190894,1045060.9921073834,637.6360000217574,968.6596000562982,1118.9981999882548,1.1771565000344708,0.45115,0.5481716095594587,0.0029115140000612882,0.016165840999974534,gate_train_s=5.2;thr_logit=inf
surface,5,5,0.002,"GPU local pre-decoder (fast, r=1) + pymatching",cuda,20000,27,0.00135,0.0009279992046365197,0.0019635253913190894,1292647.0101640061,672.0915000073546,789.8980999868852,1124.7275899211218,1.2096250000581676,0.4895,0.37175352720990495,0.002705710999975963,0.012707933000001503,gate_train_s=5.2;thr_logit=inf
surface,5,5,0.002,"AI gate (MLP, strict) + pymatching",cuda,20000,27,0.00135,0.0009279992046365197,0.0019635253913190894,685719.5206930811,463.7609999349479,748.333649937649,823.004070002753,1.096315000040704,0.00435,1.0,0.004762955999922269,0.024334379000038098,gate_train_s=5.2;thr_logit=16.117
surface,5,5,0.004,pymatching (CPU),cpu,20000,155,0.00775,0.0066256254891195725,0.009063440954997842,401090.4445911867,20.085500011646218,38.19100003283889,54.31808001162605,0.8860669999535276,0.0,1.0,2.0034999920426344e-05,0.04976958400004605,gate_train_s=1.9;thr_logit=inf
surface,5,5,0.004,zero-syndrome shortcut + pymatching,cpu,20000,155,0.00775,0.0066256254891195725,0.009063440954997842,390179.2963604091,28.899999961140566,43.34960004825914,77.04054998271195,0.9165719999941757,0.03175,1.0,0.0009636649999720248,0.05022340300001815,gate_train_s=1.9;thr_logit=inf
surface,5,5,0.004,"GPU local pre-decoder (safe, r=2) + pymatching",cuda,20000,155,0.00775,0.0066256254891195725,0.009063440954997842,434187.9034126849,881.3835000296422,1112.0720500514378,1951.3617599000022,2.176814499989632,0.16615,0.7348032529051782,0.002957004999984747,0.04303985499996088,gate_train_s=1.9;thr_logit=inf
surface,5,5,0.004,"GPU local pre-decoder (fast, r=1) + pymatching",cuda,20000,158,0.0079,0.006764022289935428,0.009224986541248283,359337.69822069467,760.5789999729495,921.394749934734,1083.1554499179663,1.3891499999658663,0.21205,0.5054451128155818,0.0027973449999763034,0.052763107000032505,gate_train_s=1.9;thr_logit=inf
surface,5,5,0.004,"AI gate (MLP, strict) + pymatching",cuda,20000,162,0.0081,0.006948724024061771,0.009440207989876995,408578.02202860866,440.1859999916269,523.9953499199144,684.8435599135881,1.4692450000097779,0.16995,1.0,0.004974060999984431,0.0439147839999805,gate_train_s=1.9;thr_logit=8.336
surface,7,7,0.002,pymatching (CPU),cpu,20000,5,0.00025,0.00010678805919427898,0.0005851590316085196,161357.16088070802,38.37499997416671,59.29780003270933,83.82295998330844,1.9813979999980802,0.0,1.0,3.077000008033792e-05,0.12377574699996785,gate_train_s=2.2;thr_logit=inf
surface,7,7,0.002,zero-syndrome shortcut + pymatching,cpu,20000,5,0.00025,0.00010678805919427898,0.0005851590316085196,174100.49521057864,45.175500019922765,64.0199000031316,77.07694996611279,2.041466499974831,0.00845,1.0,0.0016862109999919994,0.11307810700009213,gate_train_s=2.2;thr_logit=inf
surface,7,7,0.002,"GPU local pre-decoder (safe, r=2) + pymatching",cuda,20000,5,0.00025,0.00010678805919427898,0.0005851590316085196,212478.41989501868,726.7985000112276,1230.5498999694464,1757.8401200023561,1.8281904999639664,0.1172,0.6291417184653944,0.008245490000035716,0.08575246899999911,gate_train_s=2.2;thr_logit=inf
surface,7,7,0.002,"GPU local pre-decoder (fast, r=1) + pymatching",cuda,20000,5,0.00025,0.00010678805919427898,0.0005851590316085196,407566.77884883166,632.6605000026575,718.9775000028926,848.2222499242196,1.6010304999554137,0.17645,0.36951238651441726,0.0069551310000406374,0.04205307899997024,gate_train_s=2.2;thr_logit=inf
surface,7,7,0.002,"AI gate (MLP, strict) + pymatching",cuda,20000,5,0.00025,0.00010678805919427898,0.0005851590316085196,215295.6979301124,457.64449998841883,518.1651000555121,553.9192999640363,1.9292070000460626,0.00065,1.0,0.015082348000078127,0.07773266199990303,gate_train_s=2.2;thr_logit=31.564
surface,7,7,0.004,pymatching (CPU),cpu,20000,71,0.00355,0.0028156275014188394,0.00447505210484239,106939.88466891115,25.925499983259215,42.34870002619572,52.50364005632939,2.507707000006576,0.0,1.0,1.583100004154403e-05,0.1869216970000025,gate_train_s=2.0;thr_logit=inf
surface,7,7,0.004,zero-syndrome shortcut + pymatching,cpu,20000,71,0.00355,0.0028156275014188394,0.00447505210484239,117850.49234338269,35.657500006891496,51.870850029445094,66.32479000813872,2.5825060000101985,0.00015,1.0,0.0012007530000346378,0.1684293749999597,gate_train_s=2.0;thr_logit=inf
surface,7,7,0.004,"GPU local pre-decoder (safe, r=2) + pymatching",cuda,20000,72,0.0036,0.0028598936845513475,0.004530766717398646,123289.86629922186,688.425999953779,1067.7849999296986,1206.7734200104496,3.1713029999878017,0.0072,0.8275302565518874,0.008094645000028322,0.15404360699994868,gate_train_s=2.0;thr_logit=inf
surface,7,7,0.004,"GPU local pre-decoder (fast, r=1) + pymatching",cuda,20000,80,0.004,0.0032153823893506543,0.0049751243781094535,158454.90872038322,629.5575000194731,978.8663000222186,1066.6352199552875,2.6113775000453643,0.0192,0.5344781669510668,0.006943479000028674,0.11920512299991515,gate_train_s=2.0;thr_logit=inf
surface,7,7,0.004,"AI gate (MLP, strict) + pymatching",cuda,20000,78,0.0039,0.0031262938607452065,0.0048642513153373725,113775.97386731578,467.7485000570414,635.7292500354101,736.0130499955629,3.1009379999886733,0.02435,1.0,0.011579352000012477,0.16412189599998328,gate_train_s=2.0;thr_logit=15.111
