code,d,rounds,p,decoder,device,shots,errors,ler,ler_lo,ler_hi,throughput_sps,lat_p50_us,lat_p95_us,lat_p99_us,accept_rate,extra
"BB[[72,12,6]]",0,0,0.02,ldpc BP+OSD (CPU),cpu,20000,226,0.0113,0.00992607311964143,0.012861629818378236,77637.60747692685,10.832500038304715,15.955149979163252,40.221219991280755,,code-capacity noise; accept_rate = BP converged fraction
"BB[[72,12,6]]",0,0,0.02,GPU min-sum BP + OSD fallback,cuda,20000,226,0.0113,0.00992607311964143,0.012861629818378236,86406.57245716186,1623.363499959396,3425.329700070277,16865.84705002228,1.0,code-capacity noise; accept_rate = BP converged fraction
"BB[[72,12,6]]",0,0,0.04,ldpc BP+OSD (CPU),cpu,20000,1770,0.0885,0.08464228459548694,0.09251576688598452,39768.68781345472,12.405000006765476,46.625999937077445,203.1225099824496,,code-capacity noise; accept_rate = BP converged fraction
"BB[[72,12,6]]",0,0,0.04,GPU min-sum BP + OSD fallback,cuda,20000,1770,0.0885,0.08464228459548694,0.09251576688598452,38941.34033231527,2346.050000028299,20256.911150073498,55716.64628999542,1.0,code-capacity noise; accept_rate = BP converged fraction
"BB[[72,12,6]]",0,0,0.06,ldpc BP+OSD (CPU),cpu,20000,4991,0.24955,0.24360083546243957,0.25559535893254104,18921.35470326503,16.16150001382266,196.15795003460335,215.80500995810326,,code-capacity noise; accept_rate = BP converged fraction
"BB[[72,12,6]]",0,0,0.06,GPU min-sum BP + OSD fallback,cuda,20000,4991,0.24955,0.24360083546243957,0.25559535893254104,21239.61481865183,4171.272000064619,45689.19264997362,60997.338720083,1.0,code-capacity noise; accept_rate = BP converged fraction
"BB[[144,12,12]]",0,0,0.02,ldpc BP+OSD (CPU),cpu,20000,13,0.00065,0.0003799143962202306,0.001111879060092681,39426.046341248715,19.858500024838577,31.2573000201155,53.12506999075591,,code-capacity noise; accept_rate = BP converged fraction
"BB[[144,12,12]]",0,0,0.02,GPU min-sum BP + OSD fallback,cuda,20000,13,0.00065,0.0003799143962202306,0.001111879060092681,62340.158858619005,1697.037999974782,4249.028999981873,6120.879019952098,1.0,code-capacity noise; accept_rate = BP converged fraction
"BB[[144,12,12]]",0,0,0.04,ldpc BP+OSD (CPU),cpu,20000,233,0.01165,0.010253806678938798,0.013233761828902218,19884.76284798963,26.952999974128034,77.2517999678256,532.0365100863,,code-capacity noise; accept_rate = BP converged fraction
"BB[[144,12,12]]",0,0,0.04,GPU min-sum BP + OSD fallback,cuda,20000,233,0.01165,0.010253806678938798,0.013233761828902218,24981.96193052633,3413.309499933348,16929.507949947678,56048.63932001876,1.0,code-capacity noise; accept_rate = BP converged fraction
"BB[[144,12,12]]",0,0,0.06,ldpc BP+OSD (CPU),cpu,20000,1772,0.0886,0.08474025914194618,0.09261775393090281,7627.290631068494,39.73150001002068,545.0535499107899,601.3198500102135,,code-capacity noise; accept_rate = BP converged fraction
"BB[[144,12,12]]",0,0,0.06,GPU min-sum BP + OSD fallback,cuda,20000,1772,0.0886,0.08474025914194618,0.09261775393090281,7853.109570745382,6435.131999978694,47588.79259994159,59149.62653995871,1.0,code-capacity noise; accept_rate = BP converged fraction
