code,d,rounds,p,decoder,device,shots,errors,ler,ler_lo,ler_hi,throughput_sps,lat_p50_us,lat_p95_us,lat_p99_us,accept_rate,syndrome_weight_kept,t_stage1_s,t_global_s,extra
surface,5,5,0.002,pymatching (CPU),cpu,20000,27,0.00135,0.0009279992046365197,0.0019635253913190894,489838.7362706488,30.85500000565844,45.158699998637516,51.98003999851153,0.0,1.0,2.59860000255685e-05,0.03709535299998379,gate_train_s=6.1;thr_logit=inf
surface,5,5,0.002,zero-syndrome shortcut + pymatching,cpu,20000,27,0.00135,0.0009279992046365197,0.0019635253913190894,473508.66964830016,38.14700002635618,52.63145004619215,64.4562199994425,0.1816,1.0,0.002125909000028514,0.0361134689999858,gate_train_s=6.1;thr_logit=inf
surface,5,5,0.002,GPU local pre-decoder + pymatching,cuda,20000,27,0.00135,0.0009279992046365197,0.0019635253913190894,599620.464230779,818.1110000009539,1084.7224999821492,1464.3900999868717,0.4895,0.37175352720990495,0.007634159000019736,0.019964328000014575,gate_train_s=6.1;thr_logit=inf
surface,5,5,0.002,"AI gate (MLP, strict) + pymatching",cuda,20000,30,0.0015,0.001050942271929966,0.0021405247110919353,419551.1595542639,541.2589999878037,694.2150999691421,772.2162899966627,0.01855,1.0,0.006164320999971551,0.03769108200003757,gate_train_s=6.1;thr_logit=17.093
surface,5,5,0.004,pymatching (CPU),cpu,20000,155,0.00775,0.0066256254891195725,0.009063440954997842,379511.92716808605,19.223999998985164,27.462450029247513,35.61870003693457,0.0,1.0,1.608399998076493e-05,0.05015768900000239,gate_train_s=1.8;thr_logit=inf
surface,5,5,0.004,zero-syndrome shortcut + pymatching,cpu,20000,155,0.00775,0.0066256254891195725,0.009063440954997842,381468.12585871015,27.601499994034384,38.330250021090244,46.05603997958949,0.03175,1.0,0.0008819050000283823,0.04892719499997611,gate_train_s=1.8;thr_logit=inf
surface,5,5,0.004,GPU local pre-decoder + pymatching,cuda,20000,158,0.0079,0.006764022289935428,0.009224986541248283,469014.4985282794,670.837999990681,827.7314499736104,1125.7746599756047,0.21205,0.5054451128155818,0.007620447000022068,0.03250175499999841,gate_train_s=1.8;thr_logit=inf
surface,5,5,0.004,"AI gate (MLP, strict) + pymatching",cuda,20000,162,0.0081,0.006948724024061771,0.009440207989876995,395076.22037615674,441.47200000566045,711.8536499831406,815.0955499849033,0.16995,1.0,0.004580933999989156,0.04341403699999091,gate_train_s=1.8;thr_logit=8.336
surface,7,7,0.002,pymatching (CPU),cpu,20000,5,0.00025,0.00010678805919427898,0.0005851590316085196,248480.7822850362,20.39000003151159,30.004399940253265,38.31092993095801,0.0,1.0,1.4046999922356918e-05,0.07298991400000432,gate_train_s=2.0;thr_logit=inf
surface,7,7,0.002,zero-syndrome shortcut + pymatching,cpu,20000,5,0.00025,0.00010678805919427898,0.0005851590316085196,250291.71186129402,27.93499999143023,40.47120003178861,48.83470001004752,0.00845,1.0,0.0011466500000096858,0.07163089499999842,gate_train_s=2.0;thr_logit=inf
surface,7,7,0.002,GPU local pre-decoder + pymatching,cuda,20000,5,0.00025,0.00010678805919427898,0.0005851590316085196,283018.9827344338,678.9160000266747,975.3807999743457,1503.3244099618023,0.17645,0.36951238651441726,0.02444161999994776,0.03903050099995653,gate_train_s=2.0;thr_logit=inf
surface,7,7,0.002,"AI gate (MLP, strict) + pymatching",cuda,20000,5,0.00025,0.00010678805919427898,0.0005851590316085196,216607.98395358043,584.4169999704718,711.4724500127065,1400.344170008327,0.00065,1.0,0.011251412999968124,0.07398719399998299,gate_train_s=2.0;thr_logit=31.564
surface,7,7,0.004,pymatching (CPU),cpu,20000,71,0.00355,0.0028156275014188394,0.00447505210484239,72612.68199370251,41.529499981152185,66.42565003289745,99.7336500643085,0.0,1.0,2.11089999311298e-05,0.2656258560000424,gate_train_s=2.1;thr_logit=inf
surface,7,7,0.004,zero-syndrome shortcut + pymatching,cpu,20000,71,0.00355,0.0028156275014188394,0.00447505210484239,73603.26777310102,67.84949999882883,106.05770003166977,148.98346000450144,0.00015,1.0,0.0015655099999776212,0.25898160899998857,gate_train_s=2.1;thr_logit=inf
surface,7,7,0.004,GPU local pre-decoder + pymatching,cuda,20000,80,0.004,0.0032153823893506543,0.0049751243781094535,117480.63437477572,691.666999955487,882.7573999496954,1060.0001199634335,0.0192,0.5344781669510668,0.027562043999978414,0.13513295600000674,gate_train_s=2.1;thr_logit=inf
surface,7,7,0.004,"AI gate (MLP, strict) + pymatching",cuda,20000,78,0.0039,0.0031262938607452065,0.0048642513153373725,64330.62255132689,470.02349998592763,763.0300500977678,2718.984479932942,0.02435,1.0,0.012096709000047667,0.2859494269999914,gate_train_s=2.1;thr_logit=15.111
