code,d,rounds,p,decoder,device,shots,errors,ler,ler_lo,ler_hi,throughput_sps,lat_p50_us,lat_p95_us,lat_p99_us,accept_rate,syndrome_weight_kept,extra
surface,5,5,0.002,pymatching (CPU),cpu,20000,23,0.00115,0.000766453882701502,0.0017251475304990503,408250.7476768818,19.500002963468432,40.92500530532559,63.63000400597227,0.0,1.0,gate_train_s=9.4;thr_logit=inf
surface,5,5,0.002,zero-syndrome shortcut + pymatching,cpu,20000,23,0.00115,0.000766453882701502,0.0017251475304990503,395305.3536301636,25.000001187436283,63.01999892457386,180.6550049514041,0.182,1.0,gate_train_s=9.4;thr_logit=inf
surface,5,5,0.002,GPU local pre-decoder + pymatching,cpu,20000,24,0.0012,0.0008065558558783837,0.0017850263530109324,133591.69968309804,471.5000031865202,854.3399926566044,1386.6060026339248,0.49185,0.37045507179249654,gate_train_s=9.4;thr_logit=inf
surface,5,5,0.002,"AI gate (MLP, strict) + pymatching",cpu,20000,24,0.0012,0.0008065558558783837,0.0017850263530109324,260186.97034938692,330.1999968243763,500.48999692080525,654.2149999586394,0.1046,1.0,gate_train_s=9.4;thr_logit=11.890
surface,5,5,0.004,pymatching (CPU),cpu,20000,148,0.0074,0.006303150902617821,0.008686049971678246,203460.86937841753,20.799998310394585,33.70500853634439,45.96099955961093,0.0,1.0,gate_train_s=6.8;thr_logit=inf
surface,5,5,0.004,zero-syndrome shortcut + pymatching,cpu,20000,148,0.0074,0.006303150902617821,0.008686049971678246,189948.67585980563,27.050002245232463,63.00499953795224,112.84999811323328,0.03085,1.0,gate_train_s=6.8;thr_logit=inf
surface,5,5,0.004,GPU local pre-decoder + pymatching,cpu,20000,154,0.0077,0.006579518513904944,0.009009567134523708,105645.09270028227,500.8000007364899,865.4749974084551,1116.7479964205984,0.20935,0.5039809863339275,gate_train_s=6.8;thr_logit=inf
surface,5,5,0.004,"AI gate (MLP, strict) + pymatching",cpu,20000,157,0.00785,0.006717877496655178,0.009171150538839766,149359.7321744002,334.1000046930276,567.6849992596543,835.6279891449958,0.07525,1.0,gate_train_s=6.8;thr_logit=9.062
surface,7,7,0.002,pymatching (CPU),cpu,20000,2,0.0001,2.742346122944835e-05,0.00036458124250705794,276037.20983973047,10.899995686486363,15.80000389367342,22.12299368693491,0.0,1.0,gate_train_s=5.1;thr_logit=inf
surface,7,7,0.002,zero-syndrome shortcut + pymatching,cpu,20000,2,0.0001,2.742346122944835e-05,0.00036458124250705794,265187.27526741236,14.399993233382702,22.40500980406068,27.602006302913647,0.0071,1.0,gate_train_s=5.1;thr_logit=inf
surface,7,7,0.002,GPU local pre-decoder + pymatching,cpu,20000,5,0.00025,0.00010678805919427898,0.0005851590316085196,81220.68187227768,222.29999740375206,330.41999777196907,427.8989978774915,0.17715,0.37004947554026246,gate_train_s=5.1;thr_logit=inf
surface,7,7,0.002,"AI gate (MLP, strict) + pymatching",cpu,20000,2,0.0001,2.742346122944835e-05,0.00036458124250705794,181896.39726203552,152.24999515339732,229.4149999215732,326.51399698806915,0.0003,1.0,gate_train_s=5.1;thr_logit=32.164
surface,7,7,0.004,pymatching (CPU),cpu,20000,85,0.00425,0.0034386853721535284,0.005251725373750399,136020.27790146228,14.299992471933365,25.305003509856757,41.61399672739206,0.0,1.0,gate_train_s=4.7;thr_logit=inf
surface,7,7,0.004,zero-syndrome shortcut + pymatching,cpu,20000,85,0.00425,0.0034386853721535284,0.005251725373750399,133398.78767068122,17.600003047846258,27.80000795610249,36.71198865049517,0.0001,1.0,gate_train_s=4.7;thr_logit=inf
surface,7,7,0.004,GPU local pre-decoder + pymatching,cpu,20000,98,0.0049,0.004022742843584775,0.0059674182462730865,62286.76515040318,227.89999638916925,349.7700003208592,477.69599783350696,0.0173,0.5357780253803603,gate_train_s=4.7;thr_logit=inf
surface,7,7,0.004,"AI gate (MLP, strict) + pymatching",cpu,20000,89,0.00445,0.0036178883290937528,0.005472445599565231,103532.90508922125,154.2999962111935,218.31998892594126,264.8039936320856,0.0114,1.0,gate_train_s=4.7;thr_logit=14.859
